"","buying","maint","doors","persons","lug_boot","safety","class"
"1","vhigh","vhigh","2","2","big","med","unacc"
"2","vhigh","vhigh","2","2","big","high","unacc"
"3","vhigh","vhigh","2","4","small","low","unacc"
"4","vhigh","vhigh","2","4","small","med","unacc"
"5","vhigh","vhigh","2","4","small","high","unacc"
"6","vhigh","vhigh","2","4","med","low","unacc"
"7","vhigh","vhigh","2","4","med","med","unacc"
"8","vhigh","vhigh","2","4","med","high","unacc"
"9","vhigh","vhigh","2","4","big","low","unacc"
"10","vhigh","vhigh","2","4","big","med","unacc"
"11","vhigh","vhigh","2","4","big","high","unacc"
"12","vhigh","vhigh","2","more","small","low","unacc"
"13","vhigh","vhigh","2","more","small","med","unacc"
"14","vhigh","vhigh","2","more","small","high","unacc"
"15","vhigh","vhigh","2","more","med","low","unacc"
"16","vhigh","vhigh","3","2","small","med","unacc"
"17","vhigh","vhigh","3","2","small","high","unacc"
"18","vhigh","vhigh","3","2","med","low","unacc"
"19","vhigh","vhigh","3","2","med","med","unacc"
"20","vhigh","vhigh","3","2","med","high","unacc"
"21","vhigh","vhigh","3","2","big","low","unacc"
"22","vhigh","vhigh","3","2","big","med","unacc"
"23","vhigh","vhigh","3","2","big","high","unacc"
"24","vhigh","vhigh","3","4","small","low","unacc"
"25","vhigh","vhigh","3","4","big","low","unacc"
"26","vhigh","vhigh","3","4","big","med","unacc"
"27","vhigh","vhigh","3","4","big","high","unacc"
"28","vhigh","vhigh","3","more","small","low","unacc"
"29","vhigh","vhigh","3","more","small","med","unacc"
"30","vhigh","vhigh","3","more","big","med","unacc"
"31","vhigh","vhigh","3","more","big","high","unacc"
"32","vhigh","vhigh","4","2","small","low","unacc"
"33","vhigh","vhigh","5more","4","small","med","unacc"
"34","vhigh","vhigh","5more","4","small","high","unacc"
"35","vhigh","vhigh","5more","4","med","low","unacc"
"36","vhigh","vhigh","5more","4","med","med","unacc"
"37","vhigh","vhigh","5more","4","med","high","unacc"
"38","vhigh","vhigh","5more","4","big","low","unacc"
"39","vhigh","vhigh","5more","4","big","med","unacc"
"40","vhigh","vhigh","5more","4","big","high","unacc"
"41","vhigh","vhigh","5more","more","small","low","unacc"
"42","vhigh","vhigh","5more","more","small","med","unacc"
"43","vhigh","vhigh","5more","more","small","high","unacc"
"44","vhigh","vhigh","5more","more","med","low","unacc"
"45","vhigh","vhigh","5more","more","med","med","unacc"
"46","vhigh","vhigh","5more","more","med","high","unacc"
"47","vhigh","vhigh","5more","more","big","low","unacc"
"48","vhigh","high","2","2","big","high","unacc"
"49","vhigh","high","2","4","small","low","unacc"
"50","vhigh","high","2","4","small","med","unacc"
"51","vhigh","high","2","4","small","high","unacc"
"52","vhigh","high","2","4","med","low","unacc"
"53","vhigh","high","3","2","small","high","unacc"
"54","vhigh","high","3","2","med","low","unacc"
"55","vhigh","high","3","2","med","med","unacc"
"56","vhigh","high","3","2","med","high","unacc"
"57","vhigh","high","3","2","big","low","unacc"
"58","vhigh","high","3","2","big","med","unacc"
"59","vhigh","high","3","2","big","high","unacc"
"60","vhigh","high","3","4","small","low","unacc"
"61","vhigh","high","3","4","small","med","unacc"
"62","vhigh","high","3","4","small","high","unacc"
"63","vhigh","high","3","4","med","low","unacc"
"64","vhigh","high","3","4","med","med","unacc"
"65","vhigh","high","3","4","med","high","unacc"
"66","vhigh","high","3","4","big","low","unacc"
"67","vhigh","high","3","4","big","med","unacc"
"68","vhigh","high","3","4","big","high","unacc"
"69","vhigh","high","3","more","small","low","unacc"
"70","vhigh","high","4","4","small","low","unacc"
"71","vhigh","high","4","4","small","med","unacc"
"72","vhigh","high","4","4","small","high","unacc"
"73","vhigh","high","4","4","med","low","unacc"
"74","vhigh","high","4","4","med","med","unacc"
"75","vhigh","high","4","4","med","high","unacc"
"76","vhigh","high","4","4","big","low","unacc"
"77","vhigh","high","4","4","big","med","unacc"
"78","vhigh","high","4","4","big","high","unacc"
"79","vhigh","high","4","more","small","low","unacc"
"80","vhigh","high","4","more","small","med","unacc"
"81","vhigh","high","4","more","small","high","unacc"
"82","vhigh","high","4","more","med","low","unacc"
"83","vhigh","high","4","more","med","med","unacc"
"84","vhigh","high","5more","4","big","low","unacc"
"85","vhigh","high","5more","4","big","med","unacc"
"86","vhigh","high","5more","4","big","high","unacc"
"87","vhigh","high","5more","more","small","low","unacc"
"88","vhigh","high","5more","more","small","med","unacc"
"89","vhigh","high","5more","more","small","high","unacc"
"90","vhigh","high","5more","more","med","low","unacc"
"91","vhigh","high","5more","more","med","med","unacc"
"92","vhigh","med","2","4","med","low","unacc"
"93","vhigh","med","2","4","med","med","unacc"
"94","vhigh","med","2","4","med","high","acc"
"95","vhigh","med","2","4","big","low","unacc"
"96","vhigh","med","2","4","big","med","acc"
"97","vhigh","med","2","4","big","high","acc"
"98","vhigh","med","2","more","small","low","unacc"
"99","vhigh","med","2","more","small","med","unacc"
"100","vhigh","med","2","more","small","high","unacc"
"101","vhigh","med","2","more","med","low","unacc"
"102","vhigh","med","3","4","med","med","unacc"
"103","vhigh","med","3","4","med","high","acc"
"104","vhigh","med","3","4","big","low","unacc"
"105","vhigh","med","3","4","big","med","acc"
"106","vhigh","med","3","4","big","high","acc"
"107","vhigh","med","3","more","small","low","unacc"
"108","vhigh","med","3","more","small","med","unacc"
"109","vhigh","med","3","more","small","high","acc"
"110","vhigh","med","3","more","med","low","unacc"
"111","vhigh","med","3","more","med","med","acc"
"112","vhigh","med","3","more","med","high","acc"
"113","vhigh","med","4","4","big","med","acc"
"114","vhigh","med","4","4","big","high","acc"
"115","vhigh","med","4","more","small","low","unacc"
"116","vhigh","med","4","more","small","med","unacc"
"117","vhigh","med","4","more","small","high","acc"
"118","vhigh","med","4","more","med","low","unacc"
"119","vhigh","med","4","more","med","med","acc"
"120","vhigh","med","4","more","med","high","acc"
"121","vhigh","med","4","more","big","low","unacc"
"122","vhigh","med","4","more","big","med","acc"
"123","vhigh","med","4","more","big","high","acc"
"124","vhigh","med","5more","2","small","low","unacc"
"125","vhigh","med","5more","2","small","med","unacc"
"126","vhigh","med","5more","2","small","high","unacc"
"127","vhigh","med","5more","2","med","low","unacc"
"128","vhigh","med","5more","2","med","med","unacc"
"129","vhigh","med","5more","2","med","high","unacc"
"130","vhigh","med","5more","more","small","med","unacc"
"131","vhigh","med","5more","more","small","high","acc"
"132","vhigh","med","5more","more","med","low","unacc"
"133","vhigh","med","5more","more","med","med","acc"
"134","vhigh","med","5more","more","med","high","acc"
"135","vhigh","med","5more","more","big","low","unacc"
"136","vhigh","med","5more","more","big","med","acc"
"137","vhigh","med","5more","more","big","high","acc"
"138","vhigh","low","2","2","small","low","unacc"
"139","vhigh","low","2","2","small","med","unacc"
"140","vhigh","low","2","2","small","high","unacc"
"141","vhigh","low","2","more","small","med","unacc"
"142","vhigh","low","2","more","small","high","unacc"
"143","vhigh","low","2","more","med","low","unacc"
"144","vhigh","low","2","more","med","med","unacc"
"145","vhigh","low","2","more","med","high","acc"
"146","vhigh","low","2","more","big","low","unacc"
"147","vhigh","low","2","more","big","med","acc"
"148","vhigh","low","2","more","big","high","acc"
"149","vhigh","low","3","2","small","low","unacc"
"150","vhigh","low","3","2","small","med","unacc"
"151","vhigh","low","3","2","small","high","unacc"
"152","vhigh","low","3","2","med","low","unacc"
"153","vhigh","low","3","2","med","med","unacc"
"154","vhigh","low","3","2","med","high","unacc"
"155","vhigh","low","3","2","big","low","unacc"
"156","vhigh","low","3","2","big","med","unacc"
"157","vhigh","low","3","more","big","low","unacc"
"158","vhigh","low","3","more","big","med","acc"
"159","vhigh","low","3","more","big","high","acc"
"160","vhigh","low","4","2","small","low","unacc"
"161","vhigh","low","4","2","small","med","unacc"
"162","vhigh","low","4","2","small","high","unacc"
"163","vhigh","low","4","2","med","low","unacc"
"164","vhigh","low","4","2","med","med","unacc"
"165","vhigh","low","4","2","med","high","unacc"
"166","vhigh","low","4","2","big","low","unacc"
"167","vhigh","low","4","2","big","med","unacc"
"168","vhigh","low","4","2","big","high","unacc"
"169","vhigh","low","4","4","small","low","unacc"
"170","vhigh","low","5more","2","small","high","unacc"
"171","vhigh","low","5more","2","med","low","unacc"
"172","vhigh","low","5more","2","med","med","unacc"
"173","vhigh","low","5more","2","med","high","unacc"
"174","vhigh","low","5more","2","big","low","unacc"
"175","vhigh","low","5more","2","big","med","unacc"
"176","vhigh","low","5more","2","big","high","unacc"
"177","vhigh","low","5more","4","small","low","unacc"
"178","vhigh","low","5more","4","small","med","unacc"
"179","vhigh","low","5more","4","small","high","acc"
"180","vhigh","low","5more","4","med","low","unacc"
"181","vhigh","low","5more","4","med","med","acc"
"182","vhigh","low","5more","4","med","high","acc"
"183","vhigh","low","5more","4","big","low","unacc"
"184","vhigh","low","5more","4","big","med","acc"
"185","vhigh","low","5more","4","big","high","acc"
"186","vhigh","low","5more","more","small","low","unacc"
"187","vhigh","low","5more","more","small","med","unacc"
"188","high","vhigh","2","4","small","high","unacc"
"189","high","vhigh","2","4","med","low","unacc"
"190","high","vhigh","2","4","med","med","unacc"
"191","high","vhigh","2","4","med","high","unacc"
"192","high","vhigh","2","4","big","low","unacc"
"193","high","vhigh","2","4","big","med","unacc"
"194","high","vhigh","2","4","big","high","unacc"
"195","high","vhigh","2","more","small","low","unacc"
"196","high","vhigh","2","more","small","med","unacc"
"197","high","vhigh","2","more","small","high","unacc"
"198","high","vhigh","2","more","med","low","unacc"
"199","high","vhigh","2","more","med","med","unacc"
"200","high","vhigh","2","more","med","high","unacc"
"201","high","vhigh","2","more","big","low","unacc"
"202","high","vhigh","2","more","big","med","unacc"
"203","high","vhigh","2","more","big","high","unacc"
"204","high","vhigh","3","2","small","low","unacc"
"205","high","vhigh","3","2","small","med","unacc"
"206","high","vhigh","3","2","small","high","unacc"
"207","high","vhigh","3","2","med","low","unacc"
"208","high","vhigh","3","2","med","med","unacc"
"209","high","vhigh","3","2","med","high","unacc"
"210","high","vhigh","3","2","big","low","unacc"
"211","high","vhigh","3","more","small","high","unacc"
"212","high","vhigh","3","more","med","low","unacc"
"213","high","vhigh","3","more","med","med","unacc"
"214","high","vhigh","3","more","med","high","unacc"
"215","high","vhigh","3","more","big","low","unacc"
"216","high","vhigh","3","more","big","med","unacc"
"217","high","vhigh","3","more","big","high","unacc"
"218","high","vhigh","4","2","small","low","unacc"
"219","high","vhigh","4","2","small","med","unacc"
"220","high","vhigh","4","2","small","high","unacc"
"221","high","vhigh","4","2","med","low","unacc"
"222","high","vhigh","4","2","med","med","unacc"
"223","high","vhigh","4","2","med","high","unacc"
"224","high","vhigh","4","2","big","low","unacc"
"225","high","vhigh","4","2","big","med","unacc"
"226","high","vhigh","4","2","big","high","unacc"
"227","high","vhigh","4","4","small","low","unacc"
"228","high","vhigh","4","4","small","med","unacc"
"229","high","vhigh","4","4","small","high","unacc"
"230","high","vhigh","4","4","med","low","unacc"
"231","high","vhigh","4","4","med","med","unacc"
"232","high","vhigh","4","4","med","high","unacc"
"233","high","vhigh","4","4","big","low","unacc"
"234","high","vhigh","4","4","big","med","unacc"
"235","high","vhigh","4","4","big","high","unacc"
"236","high","vhigh","5more","2","small","high","unacc"
"237","high","vhigh","5more","2","med","low","unacc"
"238","high","vhigh","5more","2","med","med","unacc"
"239","high","vhigh","5more","2","med","high","unacc"
"240","high","vhigh","5more","2","big","low","unacc"
"241","high","vhigh","5more","2","big","med","unacc"
"242","high","vhigh","5more","2","big","high","unacc"
"243","high","vhigh","5more","4","small","low","unacc"
"244","high","vhigh","5more","4","small","med","unacc"
"245","high","vhigh","5more","4","small","high","unacc"
"246","high","high","2","4","med","med","unacc"
"247","high","high","2","4","med","high","acc"
"248","high","high","2","4","big","low","unacc"
"249","high","high","2","4","big","med","acc"
"250","high","high","2","4","big","high","acc"
"251","high","high","2","more","small","low","unacc"
"252","high","high","2","more","small","med","unacc"
"253","high","high","2","more","small","high","unacc"
"254","high","high","2","more","med","low","unacc"
"255","high","high","2","more","med","med","unacc"
"256","high","high","2","more","med","high","acc"
"257","high","high","2","more","big","low","unacc"
"258","high","high","2","more","big","med","acc"
"259","high","high","2","more","big","high","acc"
"260","high","high","3","2","small","low","unacc"
"261","high","high","3","2","small","med","unacc"
"262","high","high","3","2","small","high","unacc"
"263","high","high","3","2","med","low","unacc"
"264","high","high","3","2","med","med","unacc"
"265","high","high","3","2","med","high","unacc"
"266","high","high","3","2","big","low","unacc"
"267","high","high","3","2","big","med","unacc"
"268","high","high","3","2","big","high","unacc"
"269","high","high","4","2","small","high","unacc"
"270","high","high","4","2","med","low","unacc"
"271","high","high","4","2","med","med","unacc"
"272","high","high","4","2","med","high","unacc"
"273","high","high","4","2","big","low","unacc"
"274","high","high","4","2","big","med","unacc"
"275","high","high","4","2","big","high","unacc"
"276","high","high","4","4","small","low","unacc"
"277","high","high","4","4","small","med","unacc"
"278","high","high","4","4","small","high","acc"
"279","high","high","4","4","med","low","unacc"
"280","high","high","4","4","med","med","acc"
"281","high","high","4","4","med","high","acc"
"282","high","high","4","4","big","low","unacc"
"283","high","high","4","4","big","med","acc"
"284","high","high","4","4","big","high","acc"
"285","high","high","4","more","small","low","unacc"
"286","high","high","4","more","small","med","unacc"
"287","high","high","4","more","small","high","acc"
"288","high","high","4","more","med","low","unacc"
"289","high","high","4","more","med","med","acc"
"290","high","high","5more","4","small","high","acc"
"291","high","high","5more","4","med","low","unacc"
"292","high","high","5more","4","med","med","acc"
"293","high","high","5more","4","med","high","acc"
"294","high","high","5more","4","big","low","unacc"
"295","high","high","5more","4","big","med","acc"
"296","high","high","5more","4","big","high","acc"
"297","high","high","5more","more","small","low","unacc"
"298","high","high","5more","more","small","med","unacc"
"299","high","high","5more","more","small","high","acc"
"300","high","high","5more","more","med","low","unacc"
"301","high","high","5more","more","med","med","acc"
"302","high","high","5more","more","med","high","acc"
"303","high","high","5more","more","big","low","unacc"
"304","high","high","5more","more","big","med","acc"
"305","high","high","5more","more","big","high","acc"
"306","high","med","2","2","small","low","unacc"
"307","high","med","2","2","small","med","unacc"
"308","high","med","2","2","small","high","unacc"
"309","high","med","2","2","med","low","unacc"
"310","high","med","2","2","med","med","unacc"
"311","high","med","2","2","med","high","unacc"
"312","high","med","2","2","big","low","unacc"
"313","high","med","2","2","big","med","unacc"
"314","high","med","2","2","big","high","unacc"
"315","high","med","2","4","small","low","unacc"
"316","high","med","2","4","small","med","unacc"
"317","high","med","2","4","small","high","acc"
"318","high","med","2","4","med","low","unacc"
"319","high","med","2","4","med","med","unacc"
"320","high","med","3","2","big","low","unacc"
"321","high","med","3","2","big","med","unacc"
"322","high","med","3","2","big","high","unacc"
"323","high","med","3","4","small","low","unacc"
"324","high","med","3","4","small","med","unacc"
"325","high","med","3","4","small","high","acc"
"326","high","med","3","4","med","low","unacc"
"327","high","med","3","4","med","med","unacc"
"328","high","med","3","4","med","high","acc"
"329","high","med","3","4","big","low","unacc"
"330","high","med","3","4","big","med","acc"
"331","high","med","3","4","big","high","acc"
"332","high","med","3","more","small","low","unacc"
"333","high","med","3","more","small","med","unacc"
"334","high","med","3","more","small","high","acc"
"335","high","med","3","more","med","low","unacc"
"336","high","med","3","more","med","med","acc"
"337","high","med","3","more","med","high","acc"
"338","high","med","3","more","big","low","unacc"
"339","high","low","2","4","small","low","unacc"
"340","high","low","2","4","small","med","unacc"
"341","high","low","2","4","small","high","acc"
"342","high","low","2","4","med","low","unacc"
"343","high","low","2","4","med","med","unacc"
"344","high","low","2","4","med","high","acc"
"345","high","low","2","4","big","low","unacc"
"346","high","low","2","4","big","med","acc"
"347","high","low","2","4","big","high","acc"
"348","med","vhigh","5more","4","small","high","acc"
"349","med","vhigh","5more","4","med","low","unacc"
"350","med","vhigh","5more","4","med","med","acc"
"351","med","vhigh","5more","4","med","high","acc"
"352","med","vhigh","5more","4","big","low","unacc"
"353","med","vhigh","5more","4","big","med","acc"
"354","med","vhigh","5more","4","big","high","acc"
"355","med","vhigh","5more","more","small","low","unacc"
"356","med","vhigh","5more","more","small","med","unacc"
"357","med","vhigh","5more","more","small","high","acc"
"358","med","vhigh","5more","more","med","low","unacc"
"359","med","vhigh","5more","more","med","med","acc"
"360","med","vhigh","5more","more","med","high","acc"
"361","med","vhigh","5more","more","big","low","unacc"
"362","med","vhigh","5more","more","big","med","acc"
"363","med","vhigh","5more","more","big","high","acc"
"364","med","high","2","2","small","low","unacc"
"365","med","high","2","2","small","med","unacc"
"366","med","high","2","2","small","high","unacc"
"367","med","high","2","2","med","low","unacc"
"368","med","high","2","2","med","med","unacc"
"369","med","high","2","2","med","high","unacc"
"370","med","high","2","2","big","low","unacc"
"371","med","high","2","2","big","med","unacc"
"372","med","high","2","2","big","high","unacc"
"373","med","high","2","4","small","low","unacc"
"374","med","high","2","4","small","med","unacc"
"375","med","high","2","4","small","high","acc"
"376","med","high","2","4","med","low","unacc"
"377","med","high","2","4","med","med","unacc"
"378","med","high","2","4","med","high","acc"
"379","med","high","2","4","big","low","unacc"
"380","med","high","2","4","big","med","acc"
"381","med","high","2","4","big","high","acc"
"382","med","high","2","more","small","low","unacc"
"383","med","high","2","more","small","med","unacc"
"384","med","high","2","more","small","high","unacc"
"385","med","high","2","more","med","low","unacc"
"386","med","high","2","more","med","med","unacc"
"387","med","high","2","more","med","high","acc"
"388","med","high","2","more","big","low","unacc"
"389","med","high","2","more","big","med","acc"
"390","med","high","2","more","big","high","acc"
"391","med","high","3","2","small","low","unacc"
"392","med","high","3","2","small","med","unacc"
"393","med","high","3","2","small","high","unacc"
"394","med","high","3","2","med","low","unacc"
"395","med","high","3","2","med","med","unacc"
"396","med","high","3","2","med","high","unacc"
"397","med","high","3","2","big","low","unacc"
"398","med","high","3","2","big","med","unacc"
"399","med","high","3","2","big","high","unacc"
"400","med","high","3","4","small","low","unacc"
"401","med","high","3","4","small","med","unacc"
"402","med","high","3","4","small","high","acc"
"403","med","high","3","4","med","low","unacc"
"404","med","high","3","4","med","med","unacc"
"405","med","high","3","4","med","high","acc"
"406","med","high","3","4","big","low","unacc"
"407","med","high","3","4","big","med","acc"
"408","med","high","3","4","big","high","acc"
"409","med","high","3","more","small","low","unacc"
"410","med","high","3","more","small","med","unacc"
"411","med","high","3","more","small","high","acc"
"412","med","high","3","more","med","low","unacc"
"413","med","high","3","more","med","med","acc"
"414","med","high","3","more","med","high","acc"
"415","med","high","3","more","big","low","unacc"
"416","med","high","3","more","big","med","acc"
"417","med","high","3","more","big","high","acc"
"418","med","high","4","2","small","low","unacc"
"419","med","high","4","2","small","med","unacc"
"420","med","high","4","2","small","high","unacc"
"421","med","high","4","2","med","low","unacc"
"422","med","high","4","2","med","med","unacc"
"423","med","high","4","2","med","high","unacc"
"424","med","high","4","2","big","low","unacc"
"425","med","high","4","2","big","med","unacc"
"426","med","high","4","2","big","high","unacc"
"427","med","high","4","4","small","low","unacc"
"428","med","high","4","4","small","med","unacc"
"429","med","high","4","4","small","high","acc"
"430","med","high","4","4","med","low","unacc"
"431","med","high","4","4","med","med","acc"
"432","med","high","4","4","med","high","acc"
"433","med","high","4","4","big","low","unacc"
"434","med","high","4","4","big","med","acc"
"435","med","high","4","4","big","high","acc"
"436","med","high","4","more","small","low","unacc"
"437","med","high","4","more","small","med","unacc"
"438","med","high","4","more","small","high","acc"
"439","med","high","4","more","med","low","unacc"
"440","med","high","4","more","med","med","acc"
"441","med","high","4","more","med","high","acc"
"442","med","high","4","more","big","low","unacc"
"443","med","high","4","more","big","med","acc"
"444","med","high","4","more","big","high","acc"
"445","med","high","5more","2","small","low","unacc"
"446","med","high","5more","2","small","med","unacc"
"447","med","high","5more","2","small","high","unacc"
"448","med","high","5more","2","med","low","unacc"
"449","med","high","5more","2","med","med","unacc"
"450","med","high","5more","2","med","high","unacc"
"451","med","high","5more","2","big","low","unacc"
"452","med","high","5more","2","big","med","unacc"
"453","med","high","5more","2","big","high","unacc"
"454","med","high","5more","4","small","low","unacc"
"455","med","high","5more","4","small","med","unacc"
"456","med","high","5more","4","small","high","acc"
"457","med","high","5more","4","med","low","unacc"
"458","med","high","5more","4","med","med","acc"
"459","med","high","5more","4","med","high","acc"
"460","med","high","5more","4","big","low","unacc"
"461","med","high","5more","4","big","med","acc"
"462","med","high","5more","4","big","high","acc"
"463","med","high","5more","more","small","low","unacc"
"464","med","high","5more","more","small","med","unacc"
"465","med","high","5more","more","small","high","acc"
"466","med","high","5more","more","med","low","unacc"
"467","med","high","5more","more","med","med","acc"
"468","med","high","5more","more","med","high","acc"
"469","med","high","5more","more","big","low","unacc"
"470","med","high","5more","more","big","med","acc"
"471","med","high","5more","more","big","high","acc"
"472","med","med","2","2","small","low","unacc"
"473","med","med","2","2","small","med","unacc"
"474","med","med","2","2","small","high","unacc"
"475","med","med","2","2","med","low","unacc"
"476","med","med","2","2","med","med","unacc"
"477","med","med","2","2","med","high","unacc"
"478","med","med","2","2","big","low","unacc"
"479","med","med","2","2","big","med","unacc"
"480","med","med","2","2","big","high","unacc"
"481","med","med","2","4","small","low","unacc"
"482","med","med","2","4","small","med","acc"
"483","med","med","2","4","small","high","acc"
"484","med","med","2","4","med","low","unacc"
"485","med","med","2","4","med","med","acc"
"486","med","med","2","4","med","high","acc"
"487","med","med","2","4","big","low","unacc"
"488","med","med","2","4","big","med","acc"
"489","med","med","2","4","big","high","vgood"
"490","med","med","2","more","small","low","unacc"
"491","med","med","2","more","small","med","unacc"
"492","med","med","2","more","small","high","unacc"
"493","med","med","2","more","med","low","unacc"
"494","med","med","2","more","med","med","acc"
"495","med","med","2","more","med","high","acc"
"496","med","med","2","more","big","low","unacc"
"497","med","med","2","more","big","med","acc"
"498","med","med","2","more","big","high","vgood"
"499","med","med","3","2","small","low","unacc"
"500","med","med","3","2","small","med","unacc"
"501","med","med","3","2","small","high","unacc"
"502","med","med","3","2","med","low","unacc"
"503","med","med","3","2","med","med","unacc"
"504","med","med","3","2","med","high","unacc"
"505","med","med","3","2","big","low","unacc"
"506","med","med","3","2","big","med","unacc"
"507","med","med","3","2","big","high","unacc"
"508","med","med","3","4","small","low","unacc"
"509","med","med","3","4","small","med","acc"
"510","med","med","3","4","small","high","acc"
"511","med","med","3","4","med","low","unacc"
"512","med","med","3","4","med","med","acc"
"513","med","med","3","4","med","high","acc"
"514","med","med","3","4","big","low","unacc"
"515","med","med","3","4","big","med","acc"
"516","med","med","3","4","big","high","vgood"
"517","med","med","3","more","small","low","unacc"
"518","med","med","3","more","small","med","acc"
"519","med","med","3","more","small","high","acc"
"520","med","med","3","more","med","low","unacc"
"521","med","med","3","more","med","med","acc"
"522","med","med","3","more","med","high","vgood"
"523","med","med","3","more","big","low","unacc"
"524","med","med","3","more","big","med","acc"
"525","med","med","3","more","big","high","vgood"
"526","med","med","4","2","small","low","unacc"
"527","med","med","4","2","small","med","unacc"
"528","med","med","4","2","small","high","unacc"
"529","med","med","4","2","med","low","unacc"
"530","med","med","4","2","med","med","unacc"
"531","med","med","4","2","med","high","unacc"
"532","med","med","4","2","big","low","unacc"
"533","med","med","4","2","big","med","unacc"
"534","med","med","4","2","big","high","unacc"
"535","med","med","4","4","small","low","unacc"
"536","med","med","4","4","small","med","acc"
"537","med","med","4","4","small","high","acc"
"538","med","med","4","4","med","low","unacc"
"539","med","med","4","4","med","med","acc"
"540","med","med","4","4","med","high","vgood"
"541","med","med","4","4","big","low","unacc"
"542","med","med","4","4","big","med","acc"
"543","med","med","4","4","big","high","vgood"
"544","med","med","4","more","small","low","unacc"
"545","med","med","4","more","small","med","acc"
"546","med","med","4","more","small","high","acc"
"547","med","med","4","more","med","low","unacc"
"548","med","med","4","more","med","med","acc"
"549","med","med","4","more","med","high","vgood"
"550","med","med","4","more","big","low","unacc"
"551","med","med","4","more","big","med","acc"
"552","med","med","4","more","big","high","vgood"
"553","med","med","5more","2","small","low","unacc"
"554","med","med","5more","2","small","med","unacc"
"555","med","med","5more","2","small","high","unacc"
"556","med","med","5more","2","med","low","unacc"
"557","med","med","5more","2","med","med","unacc"
"558","med","med","5more","2","med","high","unacc"
"559","med","med","5more","2","big","low","unacc"
"560","med","med","5more","2","big","med","unacc"
"561","med","med","5more","2","big","high","unacc"
"562","med","med","5more","4","small","low","unacc"
"563","med","med","5more","4","small","med","acc"
"564","med","med","5more","4","small","high","acc"
"565","med","med","5more","4","med","low","unacc"
"566","med","med","5more","4","med","med","acc"
"567","med","med","5more","4","med","high","vgood"
"568","med","med","5more","4","big","low","unacc"
"569","med","med","5more","4","big","med","acc"
"570","med","med","5more","4","big","high","vgood"
"571","med","med","5more","more","small","low","unacc"
"572","med","med","5more","more","small","med","acc"
"573","med","med","5more","more","small","high","acc"
"574","med","med","5more","more","med","low","unacc"
"575","med","med","5more","more","med","med","acc"
"576","med","med","5more","more","med","high","vgood"
"577","med","med","5more","more","big","low","unacc"
"578","med","med","5more","more","big","med","acc"
"579","med","med","5more","more","big","high","vgood"
"580","med","low","2","2","small","low","unacc"
"581","med","low","2","2","small","med","unacc"
"582","med","low","2","2","small","high","unacc"
"583","med","low","2","2","med","low","unacc"
"584","med","low","2","2","med","med","unacc"
"585","med","low","2","2","med","high","unacc"
"586","med","low","2","2","big","low","unacc"
"587","med","low","2","2","big","med","unacc"
"588","med","low","2","2","big","high","unacc"
"589","med","low","2","4","small","low","unacc"
"590","med","low","2","4","small","med","acc"
"591","med","low","2","4","small","high","good"
"592","med","low","2","4","med","low","unacc"
"593","med","low","2","4","med","med","acc"
"594","med","low","2","4","med","high","good"
"595","med","low","2","4","big","low","unacc"
"596","med","low","2","4","big","med","good"
"597","med","low","2","4","big","high","vgood"
"598","med","low","2","more","small","low","unacc"
"599","med","low","2","more","small","med","unacc"
"600","med","low","2","more","small","high","unacc"
"601","med","low","2","more","med","low","unacc"
"602","med","low","2","more","med","med","acc"
"603","med","low","2","more","med","high","good"
"604","med","low","2","more","big","low","unacc"
"605","med","low","2","more","big","med","good"
"606","med","low","2","more","big","high","vgood"
"607","med","low","3","2","small","low","unacc"
"608","med","low","3","2","small","med","unacc"
"609","med","low","3","2","small","high","unacc"
"610","med","low","3","2","med","low","unacc"
"611","med","low","3","2","med","med","unacc"
"612","med","low","3","2","med","high","unacc"
"613","med","low","3","2","big","low","unacc"
"614","med","low","3","2","big","med","unacc"
"615","med","low","3","2","big","high","unacc"
"616","med","low","3","4","small","low","unacc"
"617","med","low","3","4","small","med","acc"
"618","med","low","3","4","small","high","good"
"619","med","low","3","4","med","low","unacc"
"620","med","low","3","4","med","med","acc"
"621","med","low","3","4","med","high","good"
"622","med","low","3","4","big","low","unacc"
"623","med","low","3","4","big","med","good"
"624","med","low","3","4","big","high","vgood"
"625","med","low","3","more","small","low","unacc"
"626","med","low","3","more","small","med","acc"
"627","med","low","3","more","small","high","good"
"628","med","low","3","more","med","low","unacc"
"629","med","low","3","more","med","med","good"
"630","med","low","3","more","med","high","vgood"
"631","med","low","3","more","big","low","unacc"
"632","med","low","3","more","big","med","good"
"633","med","low","3","more","big","high","vgood"
"634","med","low","4","2","small","low","unacc"
"635","med","low","4","2","small","med","unacc"
"636","med","low","4","2","small","high","unacc"
"637","med","low","4","2","med","low","unacc"
"638","med","low","4","2","med","med","unacc"
"639","med","low","4","2","med","high","unacc"
"640","med","low","4","2","big","low","unacc"
"641","med","low","4","2","big","med","unacc"
"642","med","low","4","2","big","high","unacc"
"643","med","low","4","4","small","low","unacc"
"644","med","low","4","4","small","med","acc"
"645","med","low","4","4","small","high","good"
"646","med","low","4","4","med","low","unacc"
"647","med","low","4","4","med","med","good"
"648","med","low","4","4","med","high","vgood"
"649","med","low","4","4","big","low","unacc"
"650","med","low","4","4","big","med","good"
"651","med","low","4","4","big","high","vgood"
"652","med","low","4","more","small","low","unacc"
"653","med","low","4","more","small","med","acc"
"654","med","low","4","more","small","high","good"
"655","med","low","4","more","med","low","unacc"
"656","med","low","4","more","med","med","good"
"657","med","low","4","more","med","high","vgood"
"658","med","low","4","more","big","low","unacc"
"659","med","low","4","more","big","med","good"
"660","med","low","4","more","big","high","vgood"
"661","med","low","5more","2","small","low","unacc"
"662","med","low","5more","2","small","med","unacc"
"663","med","low","5more","2","small","high","unacc"
"664","med","low","5more","2","med","low","unacc"
"665","med","low","5more","2","med","med","unacc"
"666","med","low","5more","2","med","high","unacc"
"667","med","low","5more","2","big","low","unacc"
"668","med","low","5more","2","big","med","unacc"
"669","med","low","5more","2","big","high","unacc"
"670","med","low","5more","4","small","low","unacc"
"671","med","low","5more","4","small","med","acc"
"672","med","low","5more","4","small","high","good"
"673","med","low","5more","4","med","low","unacc"
"674","med","low","5more","4","med","med","good"
"675","med","low","5more","4","med","high","vgood"
"676","med","low","5more","4","big","low","unacc"
"677","med","low","5more","4","big","med","good"
"678","med","low","5more","4","big","high","vgood"
"679","med","low","5more","more","small","low","unacc"
"680","med","low","5more","more","small","med","acc"
"681","med","low","5more","more","small","high","good"
"682","med","low","5more","more","med","low","unacc"
"683","med","low","5more","more","med","med","good"
"684","med","low","5more","more","med","high","vgood"
"685","med","low","5more","more","big","low","unacc"
"686","med","low","5more","more","big","med","good"
"687","med","low","5more","more","big","high","vgood"
"688","low","vhigh","2","2","small","low","unacc"
"689","low","vhigh","2","2","small","med","unacc"
"690","low","vhigh","2","2","small","high","unacc"
"691","low","vhigh","2","2","med","low","unacc"
"692","low","vhigh","2","2","med","med","unacc"
"693","low","vhigh","2","2","med","high","unacc"
"694","low","vhigh","2","2","big","low","unacc"
"695","low","vhigh","2","2","big","med","unacc"
"696","low","vhigh","2","2","big","high","unacc"
"697","low","vhigh","2","4","small","low","unacc"
"698","low","vhigh","2","4","small","med","unacc"
"699","low","vhigh","2","4","small","high","acc"
"700","low","vhigh","2","4","med","low","unacc"
"701","low","vhigh","2","4","med","med","unacc"
"702","low","vhigh","2","4","med","high","acc"
"703","low","vhigh","2","4","big","low","unacc"
"704","low","vhigh","2","4","big","med","acc"
"705","low","vhigh","2","4","big","high","acc"
"706","low","vhigh","2","more","small","low","unacc"
"707","low","vhigh","2","more","small","med","unacc"
"708","low","vhigh","2","more","small","high","unacc"
"709","low","vhigh","2","more","med","low","unacc"
"710","low","vhigh","2","more","med","med","unacc"
"711","low","vhigh","2","more","med","high","acc"
"712","low","vhigh","2","more","big","low","unacc"
"713","low","vhigh","2","more","big","med","acc"
"714","low","vhigh","2","more","big","high","acc"
"715","low","vhigh","3","2","small","low","unacc"
"716","low","vhigh","3","2","small","med","unacc"
"717","low","vhigh","3","2","small","high","unacc"
"718","low","vhigh","3","2","med","low","unacc"
"719","low","vhigh","3","2","med","med","unacc"
"720","low","vhigh","3","2","med","high","unacc"
"721","low","vhigh","3","2","big","low","unacc"
"722","low","vhigh","3","2","big","med","unacc"
"723","low","vhigh","3","2","big","high","unacc"
"724","low","vhigh","3","4","small","low","unacc"
"725","low","vhigh","3","4","small","med","unacc"
"726","low","vhigh","3","4","small","high","acc"
"727","low","vhigh","3","4","med","low","unacc"
"728","low","vhigh","3","4","med","med","unacc"
"729","low","vhigh","3","4","med","high","acc"
"730","low","vhigh","3","4","big","low","unacc"
"731","low","vhigh","3","4","big","med","acc"
"732","low","vhigh","3","4","big","high","acc"
"733","low","vhigh","3","more","small","low","unacc"
"734","low","vhigh","3","more","small","med","unacc"
"735","low","vhigh","3","more","small","high","acc"
"736","low","vhigh","3","more","med","low","unacc"
"737","low","vhigh","3","more","med","med","acc"
"738","low","vhigh","3","more","med","high","acc"
"739","low","vhigh","3","more","big","low","unacc"
"740","low","vhigh","3","more","big","med","acc"
"741","low","vhigh","3","more","big","high","acc"
"742","low","vhigh","4","2","small","low","unacc"
"743","low","vhigh","4","2","small","med","unacc"
"744","low","vhigh","4","2","small","high","unacc"
"745","low","vhigh","4","2","med","low","unacc"
"746","low","vhigh","4","2","med","med","unacc"
"747","low","vhigh","4","2","med","high","unacc"
"748","low","vhigh","4","2","big","low","unacc"
"749","low","vhigh","4","2","big","med","unacc"
"750","low","vhigh","4","2","big","high","unacc"
"751","low","vhigh","4","4","small","low","unacc"
"752","low","vhigh","4","4","small","med","unacc"
"753","low","vhigh","4","4","small","high","acc"
"754","low","vhigh","4","4","med","low","unacc"
"755","low","vhigh","4","4","med","med","acc"
"756","low","vhigh","4","4","med","high","acc"
"757","low","vhigh","4","4","big","low","unacc"
"758","low","vhigh","4","4","big","med","acc"
"759","low","vhigh","4","4","big","high","acc"
"760","low","vhigh","4","more","small","low","unacc"
"761","low","vhigh","4","more","small","med","unacc"
"762","low","vhigh","4","more","small","high","acc"
"763","low","vhigh","4","more","med","low","unacc"
"764","low","vhigh","4","more","med","med","acc"
"765","low","vhigh","4","more","med","high","acc"
"766","low","vhigh","4","more","big","low","unacc"
"767","low","vhigh","4","more","big","med","acc"
"768","low","vhigh","4","more","big","high","acc"
"769","low","vhigh","5more","2","small","low","unacc"
"770","low","vhigh","5more","2","small","med","unacc"
"771","low","vhigh","5more","2","small","high","unacc"
"772","low","vhigh","5more","2","med","low","unacc"
"773","low","vhigh","5more","2","med","med","unacc"
"774","low","vhigh","5more","2","med","high","unacc"
"775","low","vhigh","5more","2","big","low","unacc"
"776","low","vhigh","5more","2","big","med","unacc"
"777","low","vhigh","5more","2","big","high","unacc"
"778","low","vhigh","5more","4","small","low","unacc"
"779","low","vhigh","5more","4","small","med","unacc"
"780","low","vhigh","5more","4","small","high","acc"
"781","low","vhigh","5more","4","med","low","unacc"
"782","low","vhigh","5more","4","med","med","acc"
"783","low","vhigh","5more","4","med","high","acc"
"784","low","vhigh","5more","4","big","low","unacc"
"785","low","vhigh","5more","4","big","med","acc"
"786","low","vhigh","5more","4","big","high","acc"
"787","low","vhigh","5more","more","small","low","unacc"
"788","low","vhigh","5more","more","small","med","unacc"
"789","low","vhigh","5more","more","small","high","acc"
"790","low","vhigh","5more","more","med","low","unacc"
"791","low","vhigh","5more","more","med","med","acc"
"792","low","vhigh","5more","more","med","high","acc"
"793","low","vhigh","5more","more","big","low","unacc"
"794","low","vhigh","5more","more","big","med","acc"
"795","low","vhigh","5more","more","big","high","acc"
"796","low","high","2","2","small","low","unacc"
"797","low","high","2","2","small","med","unacc"
"798","low","high","2","2","small","high","unacc"
"799","low","high","2","2","med","low","unacc"
"800","low","high","2","2","med","med","unacc"
"801","low","high","2","2","med","high","unacc"
"802","low","high","2","2","big","low","unacc"
"803","low","high","2","2","big","med","unacc"
"804","low","high","2","2","big","high","unacc"
"805","low","high","2","4","small","low","unacc"
"806","low","high","2","4","small","med","acc"
"807","low","high","2","4","small","high","acc"
"808","low","high","2","4","med","low","unacc"
"809","low","high","2","4","med","med","acc"
"810","low","high","2","4","med","high","acc"
"811","low","high","2","4","big","low","unacc"
"812","low","high","2","4","big","med","acc"
"813","low","high","2","4","big","high","vgood"
"814","low","high","2","more","small","low","unacc"
"815","low","high","2","more","small","med","unacc"
"816","low","high","2","more","small","high","unacc"
"817","low","high","2","more","med","low","unacc"
"818","low","high","2","more","med","med","acc"
"819","low","high","2","more","med","high","acc"
"820","low","high","2","more","big","low","unacc"
"821","low","high","2","more","big","med","acc"
"822","low","high","2","more","big","high","vgood"
"823","low","high","3","2","small","low","unacc"
"824","low","high","3","2","small","med","unacc"
"825","low","high","3","2","small","high","unacc"
"826","low","high","3","2","med","low","unacc"
"827","low","high","3","2","med","med","unacc"
"828","low","high","3","2","med","high","unacc"
"829","low","high","3","2","big","low","unacc"
"830","low","high","3","2","big","med","unacc"
"831","low","high","3","2","big","high","unacc"
"832","low","high","3","4","small","low","unacc"
"833","low","high","3","4","small","med","acc"
"834","low","high","3","4","small","high","acc"
"835","low","high","3","4","med","low","unacc"
"836","low","high","3","4","med","med","acc"
"837","low","high","3","4","med","high","acc"
"838","low","high","3","4","big","low","unacc"
"839","low","high","3","4","big","med","acc"
"840","low","high","3","4","big","high","vgood"
"841","low","high","3","more","small","low","unacc"
"842","low","high","3","more","small","med","acc"
"843","low","high","3","more","small","high","acc"
"844","low","high","3","more","med","low","unacc"
"845","low","high","3","more","med","med","acc"
"846","low","high","3","more","med","high","vgood"
"847","low","high","3","more","big","low","unacc"
"848","low","high","3","more","big","med","acc"
"849","low","high","3","more","big","high","vgood"
"850","low","high","4","2","small","low","unacc"
"851","low","high","4","2","small","med","unacc"
"852","low","high","4","2","small","high","unacc"
"853","low","high","4","2","med","low","unacc"
"854","low","high","4","2","med","med","unacc"
"855","low","high","4","2","med","high","unacc"
"856","low","high","4","2","big","low","unacc"
"857","low","high","4","2","big","med","unacc"
"858","low","high","4","2","big","high","unacc"
"859","low","high","4","4","small","low","unacc"
"860","low","high","4","4","small","med","acc"
"861","low","high","4","4","small","high","acc"
"862","low","high","4","4","med","low","unacc"
"863","low","high","4","4","med","med","acc"
"864","low","high","4","4","med","high","vgood"
"865","low","high","4","4","big","low","unacc"
"866","low","high","4","4","big","med","acc"
"867","low","high","4","4","big","high","vgood"
"868","low","high","4","more","small","low","unacc"
"869","low","high","4","more","small","med","acc"
"870","low","high","4","more","small","high","acc"
"871","low","high","4","more","med","low","unacc"
"872","low","high","4","more","med","med","acc"
"873","low","high","4","more","med","high","vgood"
"874","low","high","4","more","big","low","unacc"
"875","low","high","4","more","big","med","acc"
"876","low","high","4","more","big","high","vgood"
"877","low","high","5more","2","small","low","unacc"
"878","low","high","5more","2","small","med","unacc"
"879","low","high","5more","2","small","high","unacc"
"880","low","high","5more","2","med","low","unacc"
"881","low","high","5more","2","med","med","unacc"
"882","low","high","5more","2","med","high","unacc"
"883","low","high","5more","2","big","low","unacc"
"884","low","high","5more","2","big","med","unacc"
"885","low","high","5more","2","big","high","unacc"
"886","low","high","5more","4","small","low","unacc"
"887","low","high","5more","4","small","med","acc"
"888","low","high","5more","4","small","high","acc"
"889","low","high","5more","4","med","low","unacc"
"890","low","high","5more","4","med","med","acc"
"891","low","high","5more","4","med","high","vgood"
"892","low","high","5more","4","big","low","unacc"
"893","low","high","5more","4","big","med","acc"
"894","low","high","5more","4","big","high","vgood"
"895","low","high","5more","more","small","low","unacc"
"896","low","high","5more","more","small","med","acc"
"897","low","high","5more","more","small","high","acc"
"898","low","high","5more","more","med","low","unacc"
"899","low","high","5more","more","med","med","acc"
"900","low","high","5more","more","med","high","vgood"
"901","low","high","5more","more","big","low","unacc"
"902","low","high","5more","more","big","med","acc"
"903","low","high","5more","more","big","high","vgood"
"904","low","med","2","2","small","low","unacc"
"905","low","med","2","2","small","med","unacc"
"906","low","med","2","2","small","high","unacc"
"907","low","med","2","2","med","low","unacc"
"908","low","med","2","2","med","med","unacc"
"909","low","med","2","2","med","high","unacc"
"910","low","med","2","2","big","low","unacc"
"911","low","med","2","2","big","med","unacc"
"912","low","med","2","2","big","high","unacc"
"913","low","med","2","4","small","low","unacc"
"914","low","med","2","4","small","med","acc"
"915","low","med","2","4","small","high","good"
"916","low","med","2","4","med","low","unacc"
"917","low","med","2","4","med","med","acc"
"918","low","med","2","4","med","high","good"
"919","low","med","2","4","big","low","unacc"
"920","low","med","2","4","big","med","good"
"921","low","med","2","4","big","high","vgood"
"922","low","med","2","more","small","low","unacc"
"923","low","med","2","more","small","med","unacc"
"924","low","med","2","more","small","high","unacc"
"925","low","med","2","more","med","low","unacc"
"926","low","med","2","more","med","med","acc"
"927","low","med","2","more","med","high","good"
"928","low","med","2","more","big","low","unacc"
"929","low","med","2","more","big","med","good"
"930","low","med","2","more","big","high","vgood"
"931","low","med","3","2","small","low","unacc"
"932","low","med","3","2","small","med","unacc"
"933","low","med","3","2","small","high","unacc"
"934","low","med","3","2","med","low","unacc"
"935","low","med","3","2","med","med","unacc"
"936","low","med","3","2","med","high","unacc"
"937","low","med","3","2","big","low","unacc"
"938","low","med","3","2","big","med","unacc"
"939","low","med","3","2","big","high","unacc"
"940","low","med","3","4","small","low","unacc"
"941","low","med","3","4","small","med","acc"
"942","low","med","3","4","small","high","good"
"943","low","med","3","4","med","low","unacc"
"944","low","med","3","4","med","med","acc"
"945","low","med","3","4","med","high","good"
"946","low","med","3","4","big","low","unacc"
"947","low","med","3","4","big","med","good"
"948","low","med","3","4","big","high","vgood"
"949","low","med","3","more","small","low","unacc"
"950","low","med","3","more","small","med","acc"
"951","low","med","3","more","small","high","good"
"952","low","med","3","more","med","low","unacc"
"953","low","med","3","more","med","med","good"
"954","low","med","3","more","med","high","vgood"
"955","low","med","3","more","big","low","unacc"
"956","low","med","3","more","big","med","good"
"957","low","med","3","more","big","high","vgood"
"958","low","med","4","2","small","low","unacc"
"959","low","med","4","2","small","med","unacc"
"960","low","med","4","2","small","high","unacc"
"961","low","med","4","2","med","low","unacc"
"962","low","med","4","2","med","med","unacc"
"963","low","med","4","2","med","high","unacc"
"964","low","med","4","2","big","low","unacc"
"965","low","med","4","2","big","med","unacc"
"966","low","med","4","2","big","high","unacc"
"967","low","med","4","4","small","low","unacc"
"968","low","med","4","4","small","med","acc"
"969","low","med","4","4","small","high","good"
"970","low","med","4","4","med","low","unacc"
"971","low","med","4","4","med","med","good"
"972","low","med","4","4","med","high","vgood"
"973","low","med","4","4","big","low","unacc"
"974","low","med","4","4","big","med","good"
"975","low","med","4","4","big","high","vgood"
"976","low","med","4","more","small","low","unacc"
"977","low","med","4","more","small","med","acc"
"978","low","med","4","more","small","high","good"
"979","low","med","4","more","med","low","unacc"
"980","low","med","4","more","med","med","good"
"981","low","med","4","more","med","high","vgood"
"982","low","med","4","more","big","low","unacc"
"983","low","med","4","more","big","med","good"
"984","low","med","4","more","big","high","vgood"
"985","low","med","5more","2","small","low","unacc"
"986","low","med","5more","2","small","med","unacc"
"987","low","med","5more","2","small","high","unacc"
"988","low","med","5more","2","med","low","unacc"
"989","low","med","5more","2","med","med","unacc"
"990","low","med","5more","2","med","high","unacc"
"991","low","med","5more","2","big","low","unacc"
"992","low","med","5more","2","big","med","unacc"
"993","low","med","5more","2","big","high","unacc"
"994","low","med","5more","4","small","low","unacc"
"995","low","med","5more","4","small","med","acc"
"996","low","med","5more","4","small","high","good"
"997","low","med","5more","4","med","low","unacc"
"998","low","med","5more","4","med","med","good"
"999","low","med","5more","4","med","high","vgood"
"1000","low","med","5more","4","big","low","unacc"
"1001","low","med","5more","4","big","med","good"
"1002","low","med","5more","4","big","high","vgood"
"1003","low","med","5more","more","small","low","unacc"
"1004","low","med","5more","more","small","med","acc"
"1005","low","med","5more","more","small","high","good"
"1006","low","med","5more","more","med","low","unacc"
"1007","low","med","5more","more","med","med","good"
"1008","low","med","5more","more","med","high","vgood"
"1009","low","med","5more","more","big","low","unacc"
"1010","low","med","5more","more","big","med","good"
"1011","low","med","5more","more","big","high","vgood"
"1012","low","low","2","2","small","low","unacc"
"1013","low","low","2","2","small","med","unacc"
"1014","low","low","2","2","small","high","unacc"
"1015","low","low","2","2","med","low","unacc"
"1016","low","low","2","2","med","med","unacc"
"1017","low","low","2","2","med","high","unacc"
"1018","low","low","2","2","big","low","unacc"
"1019","low","low","2","2","big","med","unacc"
"1020","low","low","2","2","big","high","unacc"
"1021","low","low","2","4","small","low","unacc"
"1022","low","low","2","4","small","med","acc"
"1023","low","low","2","4","small","high","good"
"1024","low","low","2","4","med","low","unacc"
"1025","low","low","2","4","med","med","acc"
"1026","low","low","2","4","med","high","good"
"1027","low","low","2","4","big","low","unacc"
"1028","low","low","2","4","big","med","good"
"1029","low","low","2","4","big","high","vgood"
"1030","low","low","2","more","small","low","unacc"
"1031","low","low","2","more","small","med","unacc"
"1032","low","low","2","more","small","high","unacc"
"1033","low","low","2","more","med","low","unacc"
"1034","low","low","2","more","med","med","acc"
"1035","low","low","2","more","med","high","good"
"1036","low","low","2","more","big","low","unacc"
"1037","low","low","2","more","big","med","good"
"1038","low","low","2","more","big","high","vgood"
"1039","low","low","3","2","small","low","unacc"
"1040","low","low","3","2","small","med","unacc"
"1041","low","low","3","2","small","high","unacc"
"1042","low","low","3","2","med","low","unacc"
"1043","low","low","3","2","med","med","unacc"
"1044","low","low","3","2","med","high","unacc"
"1045","low","low","3","2","big","low","unacc"
"1046","low","low","3","2","big","med","unacc"
"1047","low","low","3","2","big","high","unacc"
"1048","low","low","3","4","small","low","unacc"
"1049","low","low","3","4","small","med","acc"
"1050","low","low","3","4","small","high","good"
"1051","low","low","3","4","med","low","unacc"
"1052","low","low","3","4","med","med","acc"
"1053","low","low","3","4","med","high","good"
"1054","low","low","3","4","big","low","unacc"
"1055","low","low","3","4","big","med","good"
"1056","low","low","3","4","big","high","vgood"
"1057","low","low","3","more","small","low","unacc"
"1058","low","low","3","more","small","med","acc"
"1059","low","low","3","more","small","high","good"
"1060","low","low","3","more","med","low","unacc"
"1061","low","low","3","more","med","med","good"
"1062","low","low","3","more","med","high","vgood"
"1063","low","low","3","more","big","low","unacc"
"1064","low","low","3","more","big","med","good"
"1065","low","low","3","more","big","high","vgood"
"1066","low","low","4","2","small","low","unacc"
"1067","low","low","4","2","small","med","unacc"
"1068","low","low","4","2","small","high","unacc"
"1069","low","low","4","2","med","low","unacc"
"1070","low","low","4","2","med","med","unacc"
"1071","low","low","4","2","med","high","unacc"
"1072","low","low","4","2","big","low","unacc"
"1073","low","low","4","2","big","med","unacc"
"1074","low","low","4","2","big","high","unacc"
"1075","low","low","4","4","small","low","unacc"
"1076","low","low","4","4","small","med","acc"
"1077","low","low","4","4","small","high","good"
"1078","low","low","4","4","med","low","unacc"
"1079","low","low","4","4","med","med","good"
"1080","low","low","4","4","med","high","vgood"
"1081","low","low","4","4","big","low","unacc"
"1082","low","low","4","4","big","med","good"
"1083","low","low","4","4","big","high","vgood"
"1084","low","low","4","more","small","low","unacc"
"1085","low","low","4","more","small","med","acc"
"1086","low","low","4","more","small","high","good"
"1087","low","low","4","more","med","low","unacc"
"1088","low","low","4","more","med","med","good"
"1089","low","low","4","more","med","high","vgood"
"1090","low","low","4","more","big","low","unacc"
"1091","low","low","4","more","big","med","good"
"1092","low","low","4","more","big","high","vgood"
"1093","low","low","5more","2","small","low","unacc"
"1094","low","low","5more","2","small","med","unacc"
"1095","low","low","5more","2","small","high","unacc"
"1096","low","low","5more","2","med","low","unacc"
"1097","low","low","5more","2","med","med","unacc"
"1098","low","low","5more","2","med","high","unacc"
"1099","low","low","5more","2","big","low","unacc"
"1100","low","low","5more","2","big","med","unacc"
"1101","low","low","5more","2","big","high","unacc"
"1102","low","low","5more","4","small","low","unacc"
"1103","low","low","5more","4","small","med","acc"
"1104","low","low","5more","4","small","high","good"
"1105","low","low","5more","4","med","low","unacc"
"1106","low","low","5more","4","med","med","good"
"1107","low","low","5more","4","med","high","vgood"
"1108","low","low","5more","4","big","low","unacc"
"1109","low","low","5more","4","big","med","good"
"1110","low","low","5more","4","big","high","vgood"
"1111","low","low","5more","more","small","low","unacc"
"1112","low","low","5more","more","small","med","acc"
"1113","low","low","5more","more","small","high","good"
"1114","low","low","5more","more","med","low","unacc"
"1115","low","low","5more","more","med","med","good"
"1116","low","low","5more","more","med","high","vgood"
"1117","low","low","5more","more","big","low","unacc"
"1118","low","low","5more","more","big","med","good"
"1119","low","low","5more","more","big","high","vgood"
